<?xml version="1.0" encoding="UTF-8"?>
<project-private xmlns="http://www.netbeans.org/ns/project-private/1">
    <editor-bookmarks xmlns="http://www.netbeans.org/ns/editor-bookmarks/2" lastBookmarkId="0"/>
    <open-files xmlns="http://www.netbeans.org/ns/projectui-open-files/2">
        <group>
            <file>file:/Users/josefrm/Desktop/ExamenFinal/src/modelo/HistorialClinico.java</file>
            <file>file:/Users/josefrm/Desktop/ExamenFinal/src/modelo/Medico.java</file>
            <file>file:/Users/josefrm/Desktop/ExamenFinal/src/modelo/Paciente.java</file>
            <file>file:/Users/josefrm/Desktop/ExamenFinal/src/examenfinal/ExamenFinal.java</file>
            <file>file:/Users/josefrm/Desktop/ExamenFinal/src/examenfinal/persona/Persona.java</file>
        </group>
    </open-files>
</project-private>
